{"epoch": 0, "_timestamp": 1704862181.5765488, "_runtime": 36.46835684776306, "_step": 4, "loss": 0.9816731657132064, "lr_max": 6.744791666666667e-08, "lr_min": 6.744791666666667e-08, "wd_max": 0.04483522003504295, "wd_min": 0.0, "grad_norm": 0.34597697854042053}